Symbol,,,,
AACQ,,,,
AACQU,,,,
AACQW,,,,
AAMC,,,,
AAME,,,,
AB,,,,
ABCB,,,,
ABM,,,,
ABNB,,,,
ABTX,,,,
AC,,,,
ACAC,,,,
ACACU,,,,
ACACW,,,,
ACBI,,,,
ACEV,,,,
ACEVU,,,,
ACEVW,,,,
ACGL,,,,
ACGLO,,,,
ACGLP,,,,
ACIC,,,,
ACKIU,,,,
ACN,,,,
ACNB,,,,
ACND,,,,
ACTC,,,,
ACTCU,,,,
ACTCW,,,,
ACTG,,,,
ADERU,,,,
ADOC,,,,
ADOCR,,,,
ADOCW,,,,
ADS,,,,
ADV,,,,
ADVWW,,,,
AEACU,,,,
AEB,,,,
AEFC,,,,
AEG,,,,
AEL,,,,
AFBI,,,,
AFG,,,,
AFGB,,,,
AFGC,,,,
AFGD,,,,
AFGE,,,,
AFL,,,,
AFRM,,,,
AGBA,,,,
AGBAR,,,,
AGBAW,,,,
AGC,,,,
AGCB,,,,
AGCUU,,,,
AGCWW,,,,
AGM,,,,
AGO,,,,
AHAC,,,,
AHACU,,,,
AHACW,,,,
AHH,,,,
AIG,,,,
AIHS,,,,
AIZ,,,,
AIZN,,,,
AIZP,,,,
AJAX,,,,
AJG,,,,
AKAM,,,,
AKICU,,,,
ALAC,,,,
ALACR,,,,
ALACW,,,,
ALJJ,,,,
ALL,,,,
ALLY,,,,
ALRS,,,,
ALTA,,,,
ALTU,,,,
ALTUU,,,,
ALTUW,,,,
ALUS,,,,
AMBC,,,,
AMG,,,,
AMHC,,,,
AMHCU,,,,
AMHCW,,,,
AMK,,,,
AMNB,,,,
AMP,,,,
AMRB,,,,
AMSF,,,,
AMTB,,,,
AMTBB,,,,
AMWL,,,,
ANAT,,,,
ANDA,,,,
ANDAR,,,,
ANDAU,,,,
ANDAW,,,,
AON,,,,
AONE,,,,
APAM,,,,
APO,,,,
APPS,,,,
APSG,,,,
APXT,,,,
APXTU,,,,
APXTW,,,,
ARBG,,,,
ARBGU,,,,
ARBGW,,,,
ARES,,,,
ARGD,,,,
ARGO,,,,
ARL,,,,
AROW,,,,
ARYA,,,,
ASAQ,,,,
ASB,,,,
ASPL,,,,
ASRV,,,,
ASRVP,,,,
ATA,,,,
ATAC,,,,
ATAX,,,,
ATH,,,,
ATKR,,,,
ATLC,,,,
ATLO,,,,
AUB,,,,
AUBAP,,,,
AUBN,,,,
AVAL,,,,
AVAN,,,,
AX,,,,
AXO,,,,
AXP,,,,
AXS,,,,
BABA,,,,
BAC,,,,
BANC,,,,
BANF,,,,
BANR,,,,
BAP,,,,
BBAR,,,,
BBD,,,,
BBDO,,,,
BBVA,,,,
BCACU,,,,
BCBP,,,,
BCH,,,,
BCML,,,,
BCOR,,,,
BCOW,,,,
BCS,,,,
BCTG,,,,
BCYPU,,,,
BEKE,,,,
BEN,,,,
BENE,,,,
BENER,,,,
BENEU,,,,
BENEW,,,,
BFAM,,,,
BFC,,,,
BFIN,,,,
BFST,,,,
BFT,,,,
BGCP,,,,
BHB,,,,
BHF,,,,
BHFAL,,,,
BHFAN,,,,
BHFAO,,,,
BHFAP,,,,
BHLB,,,,
BHSE,,,,
BHSEU,,,,
BHSEW,,,,
BIOTU,,,,
BK,,,,
BKSC,,,,
BKU,,,,
BLK,,,,
BLSA,,,,
BLTSU,,,,
BLUWU,,,,
BLW,,,,
BLX,,,,
BMA,,,,
BMO,,,,
BMRC,,,,
BMTC,,,,
BMTX,,,,
BNS,,,,
BOAC,,,,
BOCH,,,,
BOH,,,,
BOKF,,,,
BOKFL,,,,
BOMN,,,,
BOTJ,,,,
BOWX,,,,
BOWXU,,,,
BOWXW,,,,
BPFH,,,,
BPOP,,,,
BPOPM,,,,
BPOPN,,,,
BPY,,,,
BPYPN,,,,
BPYPO,,,,
BPYPP,,,,
BR,,,,
BRBS,,,,
BREZ,,,,
BREZR,,,,
BREZW,,,,
BRKL,,,,
BRLI,,,,
BRLIR,,,,
BRLIU,,,,
BRLIW,,,,
BRO,,,,
BRP,,,,
BRPA,,,,
BRPAR,,,,
BRPAU,,,,
BRPAW,,,,
BSA,,,,
BSAC,,,,
BSBK,,,,
BSBR,,,,
BSIG,,,,
BSMX,,,,
BSN,,,,
BSQR,,,,
BSRR,,,,
BSVN,,,,
BTAQ,,,,
BTAQU,,,,
BTAQW,,,,
BTBT,,,,
BTN,,,,
BTNB,,,,
BTWN,,,,
BTWNU,,,,
BTWNW,,,,
BUR,,,,
BUSE,,,,
BVH,,,,
BWAC,,,,
BWACU,,,,
BWACW,,,,
BWB,,,,
BWFG,,,,
BX,,,,
BXG,,,,
BY,,,,
BYFC,,,,
C,,,,
C^K,,,,
C^N,,,,
CAC,,,,
CACC,,,,
CADE,,,,
CAE,,,,
CAHCU,,,,
CAJ,,,,
CALB,,,,
CAP,,,,
CAPA,,,,
CAPAU,,,,
CAPAW,,,,
CARE,,,,
CARV,,,,
CAS,,,,
CASH,,,,
CASS,,,,
CATC,,,,
CATM,,,,
CATY,,,,
CB,,,,
CBAH,,,,
CBAN,,,,
CBAT,,,,
CBFV,,,,
CBMB,,,,
CBNK,,,,
CBRE,,,,
CBSH,,,,
CBTX,,,,
CBU,,,,
CBZ,,,,
CCAC,,,,
CCB,,,,
CCBG,,,,
CCIV,,,,
CCNE,,,,
CCNEP,,,,
CCRC,,,,
CDK,,,,
CELP,,,,
CFAC,,,,
CFACU,,,,
CFACW,,,,
CFB,,,,
CFBK,,,,
CFFI,,,,
CFFN,,,,
CFFVU,,,,
CFG,,,,
CFIVU,,,,
CFR,,,,
CG,,,,
CGRO,,,,
CGROU,,,,
CGROW,,,,
CHAQ,,,,
CHCI,,,,
CHCO,,,,
CHMG,,,,
CHPM,,,,
CHPMU,,,,
CHPMW,,,,
CIA,,,,
CIB,,,,
CIGI,,,,
CIIC,,,,
CIICU,,,,
CIICW,,,,
CINF,,,,
CIT,,,,
CIVB,,,,
CIXX,,,,
CIZN,,,,
CLBK,,,,
CLCT,,,,
CLDB,,,,
CLII,,,,
CLRMU,,,,
CM,,,,
CMA,,,,
CME,,,,
CMLF,,,,
CMLFU,,,,
CMLFW,,,,
CMPR,,,,
CNA,,,,
CNBKA,,,,
CND,,,,
CNDT,,,,
CNF,,,,
CNFR,,,,
CNFRL,,,,
CNNB,,,,
CNO,,,,
CNOB,,,,
CNS,,,,
CNXC,,,,
COF,,,,
COFS,,,,
COHN,,,,
COLB,,,,
CONX,,,,
CONXU,,,,
CONXW,,,,
COOLU,,,,
COOP,,,,
COWN,,,,
COWNL,,,,
COWNZ,,,,
CPF,,,,
CPSR,,,,
CPSS,,,,
CRAI,,,,
CREG,,,,
CRESY,,,,
CRHC,,,,
CRVL,,,,
CS,,,,
CSGP,,,,
CSTR,,,,
CTAC,,,,
CTAQ,,,,
CTAQU,,,,
CTAQW,,,,
CTBI,,,,
CTEK,,,,
CTO,,,,
CUBB,,,,
CUBI,,,,
CURO,,,,
CVBF,,,,
CVCY,,,,
CVLY,,,,
CWBC,,,,
CWK,,,,
CZNC,,,,
CZWI,,,,
DASH,,,,
DB,,,,
DBD,,,,
DBDR,,,,
DBDRU,,,,
DBDRW,,,,
DCOM,,,,
DCOMP,,,,
DCRB,,,,
DCRBU,,,,
DCRBW,,,,
DCRNU,,,,
DDMX,,,,
DDMXU,,,,
DDMXW,,,,
DEH,,,,
DFHT,,,,
DFHTU,,,,
DFHTW,,,,
DFNS,,,,
DFPH,,,,
DFPHU,,,,
DFPHW,,,,
DFS,,,,
DGICA,,,,
DGICB,,,,
DGNR,,,,
DGNS,,,,
DHHCU,,,,
DHIL,,,,
DHX,,,,
DLB,,,,
DLCAU,,,,
DMS,,,,
DMYD,,,,
DMYI,,,,
DNB,,,,
DSAC,,,,
DSACU,,,,
DSACW,,,,
DUNEU,,,,
DUO,,,,
DWIN,,,,
DXF,,,,
EACPU,,,,
EBAY,,,,
EBAYL,,,,
EBC,,,,
EBMT,,,,
EBSB,,,,
EBTC,,,,
ECPG,,,,
EDTXU,,,,
EEFT,,,,
EEX,,,,
EFC,,,,
EFSC,,,,
EFX,,,,
EGBN,,,,
EGOV,,,,
EHTH,,,,
EIG,,,,
ELVT,,,,
EMCF,,,,
EMPW,,,,
ENFAU,,,,
ENPC,,,,
ENR,,,,
ENS,,,,
ENV,,,,
ENVA,,,,
ENVIU,,,,
EOSE,,,,
EOSEW,,,,
EPHYU,,,,
EQBK,,,,
EQD,,,,
EQH,,,,
EQOS,,,,
EQOSW,,,,
ERES,,,,
ERESU,,,,
ERESW,,,,
ERIE,,,,
ESBK,,,,
ESGR,,,,
ESGRO,,,,
ESGRP,,,,
ESNT,,,,
ESQ,,,,
ESSA,,,,
ESXB,,,,
ETAC,,,,
ETACU,,,,
ETACW,,,,
ETSY,,,,
EUCR,,,,
EUCRU,,,,
EUCRW,,,,
EUSGU,,,,
EV,,,,
EVBN,,,,
EVOP,,,,
EVR,,,,
EWBC,,,,
EXLS,,,,
EXPC,,,,
EXPCU,,,,
EXPCW,,,,
EXPI,,,,
FAF,,,,
FAII,,,,
FANH,,,,
FBC,,,,
FBIZ,,,,
FBK,,,,
FBMS,,,,
FBNC,,,,
FBP,,,,
FBSS,,,,
FCAC,,,,
FCACU,,,,
FCACW,,,,
FCAP,,,,
FCBC,,,,
FCBP,,,,
FCCO,,,,
FCCY,,,,
FCEL,,,,
FCF,,,,
FCNCA,,,,
FCNCP,,,,
FDBC,,,,
FFBC,,,,
FFBW,,,,
FFG,,,,
FFIC,,,,
FFIN,,,,
FFNW,,,,
FFWM,,,,
FGBI,,,,
FGF,,,,
FGFPP,,,,
FGNA,,,,
FHB,,,,
FHI,,,,
FHN,,,,
FIBK,,,,
FICO,,,,
FIII,,,,
FIIIU,,,,
FIIIW,,,,
FINMU,,,,
FINV,,,,
FIS,,,,
FISI,,,,
FITB,,,,
FITBI,,,,
FITBO,,,,
FITBP,,,,
FLACU,,,,
FLIC,,,,
FLT,,,,
FLUX,,,,
FMAC,,,,
FMAO,,,,
FMBH,,,,
FMBI,,,,
FMBIO,,,,
FMBIP,,,,
FMNB,,,,
FNB,,,,
FNCB,,,,
FNF,,,,
FNHC,,,,
FNLC,,,,
FNWB,,,,
FOCS,,,,
FOR,,,,
FOUR,,,,
FOXWU,,,,
FPAC,,,,
FPH,,,,
FRAF,,,,
FRBK,,,,
FRG,,,,
FRHC,,,,
FRME,,,,
FRPH,,,,
FRX,,,,
FSBW,,,,
FSEA,,,,
FSFG,,,,
FSRV,,,,
FSRVU,,,,
FSRVW,,,,
FSSIU,,,,
FST,,,,
FSV,,,,
FTCH,,,,
FTCV,,,,
FTCVU,,,,
FTCVW,,,,
FTDR,,,,
FTFT,,,,
FTHM,,,,
FTIV,,,,
FTIVU,,,,
FTIVW,,,,
FTOC,,,,
FTOCU,,,,
FTOCW,,,,
FULT,,,,
FULTP,,,,
FUNC,,,,
FUSB,,,,
FUSE,,,,
FUTU,,,,
FVAM,,,,
FVCB,,,,
FVRR,,,,
FXNC,,,,
GABC,,,,
GBCI,,,,
GBL,,,,
GBLI,,,,
GBLIL,,,,
GBNY,,,,
GCACU,,,,
GCBC,,,,
GCMG,,,,
GCMGW,,,,
GDOT,,,,
GFED,,,,
GGAL,,,,
GHL,,,,
GHLD,,,,
GHVI,,,,
GHVIU,,,,
GHVIW,,,,
GIX,,,,
GJH,,,,
GJO,,,,
GJS,,,,
GJT,,,,
GL,,,,
GLAQU,,,,
GLBZ,,,,
GLEO,,,,
GLG,,,,
GLRE,,,,
GMBTU,,,,
GMIIU,,,,
GNACU,,,,
GNPK,,,,
GNRS,,,,
GNRSU,,,,
GNRSW,,,,
GNTY,,,,
GNW,,,,
GOAC,,,,
GOCO,,,,
GPACU,,,,
GPN,,,,
GPRO,,,,
GRCY,,,,
GRCYU,,,,
GRCYW,,,,
GROW,,,,
GRSV,,,,
GRSVU,,,,
GRSVW,,,,
GRUB,,,,
GRVY,,,,
GS,,,,
GSAH,,,,
GSAQU,,,,
GSBC,,,,
GSHD,,,,
GSKY,,,,
GTS,,,,
GTY,,,,
GWAC,,,,
GWACW,,,,
GWB,,,,
GWGH,,,,
GYC,,,,
HAAC,,,,
HAACU,,,,
HAACW,,,,
HAFC,,,,
HALL,,,,
HBAN,,,,
HBANN,,,,
HBANO,,,,
HBCP,,,,
HBMD,,,,
HBNC,,,,
HBT,,,,
HCAQ,,,,
HCAR,,,,
HCARU,,,,
HCARW,,,,
HCCCU,,,,
HCI,,,,
HCICU,,,,
HCIIU,,,,
HDB,,,,
HEC,,,,
HECCU,,,,
HECCW,,,,
HFBL,,,,
HFWA,,,,
HGBL,,,,
HGH,,,,
HGSH,,,,
HIG,,,,
HIGA,,,,
HKIB,,,,
HLAHU,,,,
HLI,,,,
HLNE,,,,
HLXA,,,,
HMCO,,,,
HMCOU,,,,
HMCOW,,,,
HMN,,,,
HMNF,,,,
HMPT,,,,
HMST,,,,
HMSY,,,,
HNNA,,,,
HOL,,,,
HOLUU,,,,
HOLUW,,,,
HOMB,,,,
HONE,,,,
HOPE,,,,
HPP,,,,
HPX,,,,
HQY,,,,
HRTG,,,,
HSAQ,,,,
HSBC,,,,
HTBI,,,,
HTBK,,,,
HTH,,,,
HTLF,,,,
HTLFP,,,,
HTPA,,,,
HUIZ,,,,
HVBC,,,,
HWBK,,,,
HWC,,,,
HWCPL,,,,
HWCPZ,,,,
HX,,,,
HZAC,,,,
HZON,,,,
IACA,,,,
IBCP,,,,
IBKR,,,,
IBN,,,,
IBOC,,,,
IBTX,,,,
ICBK,,,,
ICCH,,,,
ICE,,,,
IDCC,,,,
IEA,,,,
IEAWW,,,,
IFS,,,,
IGAC,,,,
IGACU,,,,
IGACW,,,,
IGIC,,,,
IGICW,,,,
IGNYU,,,,
IHC,,,,
IIAC,,,,
IIIIU,,,,
IIIV,,,,
IIPR,,,,
IKNX,,,,
IMAX,,,,
IMPX,,,,
IMXI,,,,
INAQ,,,,
INAQU,,,,
INAQW,,,,
INBK,,,,
INBKL,,,,
INBKZ,,,,
INDB,,,,
INDT,,,,
ING,,,,
INKAU,,,,
INVH,,,,
IPOD,,,,
IPOE,,,,
IPOF,,,,
IROQ,,,,
ISBC,,,,
ISDR,,,,
ISTR,,,,
ITAC,,,,
ITACU,,,,
ITACW,,,,
ITCB,,,,
ITGR,,,,
ITHXU,,,,
ITIC,,,,
ITUB,,,,
IVZ,,,,
IX,,,,
JBK,,,,
JCICU,,,,
JEF,,,,
JFIN,,,,
JFU,,,,
JHG,,,,
JIH,,,,
JLL,,,,
JMP,,,,
JMPNL,,,,
JMPNZ,,,,
JPM,,,,
JPM^H,,,,
JPM^J,,,,
JRJC,,,,
JRVR,,,,
JSM,,,,
JYAC,,,,
JYNT,,,,
KAIRU,,,,
KB,,,,
KEY,,,,
KFFB,,,,
KFS,,,,
KINS,,,,
KINZU,,,,
KKR,,,,
KLAQU,,,,
KMPR,,,,
KNSL,,,,
KODK,,,,
KRKR,,,,
KRNY,,,,
KSMT,,,,
KSMTU,,,,
KSMTW,,,,
KTH,,,,
KTN,,,,
KW,,,,
L,,,,
LACQ,,,,
LACQU,,,,
LACQW,,,,
LARK,,,,
LATN,,,,
LATNU,,,,
LATNW,,,,
LAZ,,,,
LBAI,,,,
LBC,,,,
LC,,,,
LCAP,,,,
LCAPU,,,,
LCAPW,,,,
LCNB,,,,
LCYAU,,,,
LCYAW,,,,
LEAP,,,,
LEGOU,,,,
LEJU,,,,
LEVL,,,,
LEVLP,,,,
LFC,,,,
LFTR,,,,
LFTRU,,,,
LFTRW,,,,
LGHL,,,,
LGHLW,,,,
LIVK,,,,
LIVKU,,,,
LIVKW,,,,
LJAQU,,,,
LKFN,,,,
LLNW,,,,
LMACU,,,,
LMAOU,,,,
LMFA,,,,
LMND,,,,
LMST,,,,
LNC,,,,
LNFA,,,,
LOAC,,,,
LOACR,,,,
LOACU,,,,
LOACW,,,,
LOB,,,,
LOKB,,,,
LPLA,,,,
LPRO,,,,
LQDT,,,,
LSAQ,,,,
LSBK,,,,
LU,,,,
LUXA,,,,
LUXAU,,,,
LUXAW,,,,
LWACU,,,,
LX,,,,
LYFT,,,,
LYG,,,,
LYL,,,,
MA,,,,
MAAC,,,,
MAACU,,,,
MAACW,,,,
MACU,,,,
MACUU,,,,
MACUW,,,,
MAX,,,,
MBCN,,,,
MBI,,,,
MBIN,,,,
MBINO,,,,
MBINP,,,,
MBWM,,,,
MC,,,,
MCADU,,,,
MCB,,,,
MCBC,,,,
MCBS,,,,
MCHX,,,,
MCMJ,,,,
MCMJW,,,,
MCO,,,,
MCY,,,,
MDJH,,,,
MDLQ,,,,
MDLX,,,,
MDLY,,,,
MDWT,,,,
MELI,,,,
MET,,,,
MFC,,,,
MFG,,,,
MFIN,,,,
MFINL,,,,
MFNC,,,,
MGI,,,,
MGR,,,,
MGRB,,,,
MGYR,,,,
MHLA,,,,
MHLD,,,,
MHNC,,,,
MKD,,,,
MKL,,,,
MKTX,,,,
MLAC,,,,
MLACU,,,,
MLACW,,,,
MLP,,,,
MLVF,,,,
MMAC,,,,
MMC,,,,
MMI,,,,
MMS,,,,
MN,,,,
MNSB,,,,
MNSBP,,,,
MOFG,,,,
MOGO,,,,
MOGU,,,,
MONCU,,,,
MORN,,,,
MOTN,,,,
MOTNU,,,,
MOTNW,,,,
MOTV,,,,
MPB,,,,
MPLN,,,,
MRACU,,,,
MRLN,,,,
MS,,,,
MSBI,,,,
MSCI,,,,
MSVB,,,,
MTACU,,,,
MTB,,,,
MTG,,,,
MUDS,,,,
MUDSU,,,,
MUDSW,,,,
MUFG,,,,
MVBF,,,,
MYFW,,,,
NAACU,,,,
NAVI,,,,
NBA,,,,
NBHC,,,,
NBN,,,,
NBTB,,,,
NCBS,,,,
NCR,,,,
NCTY,,,,
NDAQ,,,,
NEBC,,,,
NEBCU,,,,
NEBCW,,,,
NFBK,,,,
NFJ,,,,
NGA,,,,
NGAC,,,,
NGACU,,,,
NGACW,,,,
NHIC,,,,
NHICU,,,,
NHICW,,,,
NHLD,,,,
NHLDW,,,,
NICK,,,,
NKSH,,,,
NLSN,,,,
NMIH,,,,
NMMC,,,,
NMMCU,,,,
NMMCW,,,,
NMR,,,,
NMRK,,,,
NNI,,,,
NOAC,,,,
NOACU,,,,
NOACW,,,,
NOAH,,,,
NODK,,,,
NOVT,,,,
NRACU,,,,
NRIM,,,,
NRUC,,,,
NSEC,,,,
NSH,,,,
NTB,,,,
NTES,,,,
NTIP,,,,
NTP,,,,
NTRS,,,,
NTRSO,,,,
NWBI,,,,
NWFL,,,,
NWG,,,,
NWLI,,,,
NYCB,,,,
OACB,,,,
OBAS,,,,
OBNK,,,,
OCA,,,,
OCAXU,,,,
OCFC,,,,
OCFCP,,,,
OCN,,,,
OEPWU,,,,
OFED,,,,
OFG,,,,
OFG^A,,,,
OLB,,,,
OMEG,,,,
OMF,,,,
ONB,,,,
OPBK,,,,
OPEN,,,,
OPENW,,,,
OPHC,,,,
OPI,,,,
OPINI,,,,
OPINL,,,,
OPOF,,,,
OPRT,,,,
OPRX,,,,
OPY,,,,
ORI,,,,
ORRF,,,,
OSBC,,,,
OSTRU,,,,
OTRA,,,,
OTRAU,,,,
OTRAW,,,,
OVBC,,,,
OVLY,,,,
OXBR,,,,
OXBRW,,,,
OZK,,,,
PACE,,,,
PACW,,,,
PACXU,,,,
PAIC,,,,
PAICU,,,,
PAICW,,,,
PAQCU,,,,
PAR,,,,
PAX,,,,
PAYA,,,,
PAYAW,,,,
PAYS,,,,
PB,,,,
PBCT,,,,
PBCTP,,,,
PBFS,,,,
PBHC,,,,
PBI,,,,
PBIP,,,,
PCB,,,,
PCOM,,,,
PCPC,,,,
PCSB,,,,
PDAC,,,,
PDD,,,,
PDLB,,,,
PEBK,,,,
PEBO,,,,
PFBI,,,,
PFC,,,,
PFG,,,,
PFH,,,,
PFHD,,,,
PFIS,,,,
PFS,,,,
PFSI,,,,
PFSW,,,,
PGC,,,,
PGR,,,,
PHCF,,,,
PHIC,,,,
PHICU,,,,
PHICW,,,,
PHR,,,,
PIAI,,,,
PICO,,,,
PIPP,,,,
PIPR,,,,
PJT,,,,
PKBK,,,,
PLBC,,,,
PLMR,,,,
PMBC,,,,
PMVC,,,,
PNBK,,,,
PNC,,,,
PNFP,,,,
PNFPP,,,,
POLA,,,,
POWRU,,,,
PPBI,,,,
PPGHU,,,,
PRA,,,,
PRAA,,,,
PRI,,,,
PRK,,,,
PROS,,,,
PROV,,,,
PRPB,,,,
PRS,,,,
PRSRU,,,,
PRTH,,,,
PRU,,,,
PSAC,,,,
PSACU,,,,
PSACW,,,,
PSTH,,,,
PTIC,,,,
PTICU,,,,
PTICW,,,,
PTK,,,,
PTRS,,,,
PTVCA,,,,
PTVCB,,,,
PUK,,,,
PUYI,,,,
PVBC,,,,
PWOD,,,,
PYPL,,,,
PYS,,,,
PYT,,,,
PZN,,,,
QCRH,,,,
QD,,,,
QELL,,,,
QELLU,,,,
QELLW,,,,
QFIN,,,,
QH,,,,
QIWI,,,,
QK,,,,
QNST,,,,
QS,,,,
QUAD,,,,
RAACU,,,,
RACA,,,,
RAND,,,,
RBA,,,,
RBAC,,,,
RBB,,,,
RBCAA,,,,
RBKB,,,,
RBNC,,,,
RCHG,,,,
RCHGU,,,,
RCHGW,,,,
RDFN,,,,
RDN,,,,
RDWR,,,,
RE,,,,
REFR,,,,
RELX,,,,
RF,,,,
RFL,,,,
RGA,,,,
RGP,,,,
RICE,,,,
RILY,,,,
RILYG,,,,
RILYH,,,,
RILYI,,,,
RILYL,,,,
RILYM,,,,
RILYN,,,,
RILYO,,,,
RILYP,,,,
RILYT,,,,
RILYZ,,,,
RIVE,,,,
RJF,,,,
RKT,,,,
RLGY,,,,
RLI,,,,
RM,,,,
RMAX,,,,
RMBI,,,,
RMGB,,,,
RMGBU,,,,
RMGBW,,,,
RMNI,,,,
RNDB,,,,
RNR,,,,
RNST,,,,
ROCC,,,,
ROCCU,,,,
ROCCW,,,,
ROCH,,,,
ROCHU,,,,
ROCHW,,,,
ROL,,,,
ROOT,,,,
RPAY,,,,
RPLA,,,,
RRBI,,,,
RRD,,,,
RSSS,,,,
RSVA,,,,
RSVAU,,,,
RSVAW,,,,
RTP,,,,
RTPZ,,,,
RVI,,,,
RVSB,,,,
RY,,,,
RZA,,,,
RZB,,,,
SAFT,,,,
SAII,,,,
SAIIU,,,,
SAIIW,,,,
SAL,,,,
SAMG,,,,
SAN,,,,
SASR,,,,
SBCF,,,,
SBFG,,,,
SBG,,,,
SBNY,,,,
SBNYP,,,,
SBSI,,,,
SBT,,,,
SC,,,,
SCHW,,,,
SCOAU,,,,
SCOR,,,,
SCPE,,,,
SCU,,,,
SCVX,,,,
SEAH,,,,
SEIC,,,,
SF,,,,
SF^A,,,,
SFB,,,,
SFBC,,,,
SFBS,,,,
SFE,,,,
SFNC,,,,
SFST,,,,
SFTW,,,,
SG,,,,
SGAM,,,,
SGAMU,,,,
SGAMW,,,,
SGRP,,,,
SHACU,,,,
SHBI,,,,
SHG,,,,
SI,,,,
SIEB,,,,
SIGI,,,,
SIGIP,,,,
SII,,,,
SIVB,,,,
SIVBP,,,,
SLCRU,,,,
SLCT,,,,
SLF,,,,
SLM,,,,
SLMBP,,,,
SLQT,,,,
SMBC,,,,
SMBK,,,,
SMFG,,,,
SMMF,,,,
SNEX,,,,
SNFCA,,,,
SNPR,,,,
SNRH,,,,
SNRHU,,,,
SNRHW,,,,
SNV,,,,
SOAC,,,,
SONA,,,,
SOS,,,,
SPB,,,,
SPFI,,,,
SPFR,,,,
SPGI,,,,
SPNV,,,,
SPRQ,,,,
SRCE,,,,
SREV,,,,
SRG,,,,
SRSA,,,,
SRSAU,,,,
SRSAW,,,,
SSAAU,,,,
SSB,,,,
SSNT,,,,
STBA,,,,
STC,,,,
STCN,,,,
STEP,,,,
STFC,,,,
STIC,,,,
STL,,,,
STL^A,,,,
STMP,,,,
STND,,,,
STPK,,,,
STT,,,,
STWO,,,,
STWOU,,,,
STWOW,,,,
STXB,,,,
SUPV,,,,
SV,,,,
SVAC,,,,
SVACU,,,,
SVACW,,,,
SVBI,,,,
SVFA,,,,
SVFAU,,,,
SVFAW,,,,
SVOKU,,,,
SVSVU,,,,
SVSVW,,,,
SWETU,,,,
SWKH,,,,
SYBT,,,,
SYF,,,,
TACA,,,,
TBA,,,,
TBBK,,,,
TBK,,,,
TBKCP,,,,
TBNK,,,,
TC,,,,
TCBI,,,,
TCBIL,,,,
TCBIP,,,,
TCBK,,,,
TCF,,,,
TCFC,,,,
TCFCP,,,,
TCOM,,,,
TD,,,,
TDAC,,,,
TDACU,,,,
TDACW,,,,
TECTP,,,,
TEKK,,,,
TEKKU,,,,
TEKKW,,,,
TFC,,,,
TFSL,,,,
THBR,,,,
THBRU,,,,
THBRW,,,,
THCA,,,,
THCAU,,,,
THCAW,,,,
THCB,,,,
THCBU,,,,
THCBW,,,,
THFF,,,,
THG,,,,
TIG,,,,
TIGR,,,,
TINV,,,,
TIPT,,,,
TIRX,,,,
TMKRU,,,,
TMP,,,,
TMPM,,,,
TMPMU,,,,
TMPMW,,,,
TMTS,,,,
TMTSU,,,,
TMTSW,,,,
TNET,,,,
TPGY,,,,
TPRE,,,,
TRC,,,,
TREB,,,,
TREE,,,,
TRHC,,,,
TRMK,,,,
TRNO,,,,
TROW,,,,
TRST,,,,
TRU,,,,
TRV,,,,
TSBK,,,,
TSC,,,,
TSCAP,,,,
TSCBP,,,,
TSIA,,,,
TSIAU,,,,
TSIAW,,,,
TTGT,,,,
TURN,,,,
TVACU,,,,
TW,,,,
TWCT,,,,
TWCTU,,,,
TWCTW,,,,
TWND,,,,
TZPSU,,,,
UBCP,,,,
UBER,,,,
UBFO,,,,
UBOH,,,,
UBS,,,,
UBSI,,,,
UCBI,,,,
UCBIO,,,,
UE,,,,
UEPS,,,,
UFCS,,,,
UIHC,,,,
UK,,,,
UKOMW,,,,
ULBI,,,,
UMBF,,,,
UMPQ,,,,
UNAM,,,,
UNB,,,,
UNM,,,,
UNMA,,,,
UNTY,,,,
UPST,,,,
USAT,,,,
USB,,,,
USB^A,,,,
USIO,,,,
UVE,,,,
UVSP,,,,
UWMC,,,,
UXIN,,,,
V,,,,
VAC,,,,
VACQ,,,,
VACQU,,,,
VACQW,,,,
VALU,,,,
VBFC,,,,
VBTX,,,,
VCKAU,,,,
VCTR,,,,
VCVC,,,,
VCVCU,,,,
VCVCW,,,,
VEL,,,,
VERY,,,,
VGAC,,,,
VHC,,,,
VIH,,,,
VIHAU,,,,
VIHAW,,,,
VIIAU,,,,
VINP,,,,
VIRT,,,,
VLY,,,,
VLYPO,,,,
VLYPP,,,,
VMAC,,,,
VMACU,,,,
VMACW,,,,
VOSOU,,,,
VOYA,,,,
VRTS,,,,
VSPR,,,,
VSPRU,,,,
VSPRW,,,,
VTAQU,,,,
VTIQU,,,,
VVI,,,,
VYGG,,,,
WABC,,,,
WAFD,,,,
WAL,,,,
WALA,,,,
WASH,,,,
WBK,,,,
WBS,,,,
WD,,,,
WDR,,,,
WEI,,,,
WETF,,,,
WEX,,,,
WF,,,,
WFC,,,,
WHG,,,,
WLTW,,,,
WNEB,,,,
WNS,,,,
WPF,,,,
WRB,,,,
WRLD,,,,
WSBC,,,,
WSBCP,,,,
WSBF,,,,
WSFS,,,,
WTBA,,,,
WTFC,,,,
WTFCM,,,,
WTFCP,,,,
WTM,,,,
WTREP,,,,
WTRH,,,,
WU,,,,
WVFC,,,,
XELA,,,,
XELB,,,,
XP,,,,
XPOA,,,,
Y,,,,
YAC,,,,
YRD,,,,
YSAC,,,,
YSACU,,,,
YSACW,,,,
Z,,,,
ZG,,,,
ZGYH,,,,
ZGYHR,,,,
ZGYHU,,,,
ZGYHW,,,,
ZION,,,,
ZIONL,,,,
ZIONN,,,,
ZIONO,,,,
ZIONP,,,,
ZNTE,,,,
ZNTEU,,,,
ZNTEW,,,,
ZWRKU,,,,